Date,Close,High,Low,Open,Volume,Symbol,Company
2024-01-02,48.14657211303711,49.27306967783242,47.57382895982364,49.22209367645226,411254000,NVDA,NVIDIA Corporation
2024-01-03,47.54783630371094,48.16256054856718,47.29894653731546,47.463874042228134,320896000,NVDA,NVIDIA Corporation
2024-01-04,47.97665023803711,48.478425836176726,47.486866526095774,47.745750186964564,306535000,NVDA,NVIDIA Corporation
2024-01-05,49.07515335083008,49.52495387620509,48.284504957326405,48.440437585523,415039000,NVDA,NVIDIA Corporation
2024-01-08,52.22975158691406,52.251744971780205,49.45698744671696,49.48997371101603,642510000,NVDA,NVIDIA Corporation
2024-01-09,53.116363525390625,54.300837828077086,51.66700770075754,52.377693807569635,773100000,NVDA,NVIDIA Corporation
2024-01-10,54.32582473754883,54.57571354280526,53.465207631237654,53.59215385916433,533796000,NVDA,NVIDIA Corporation
2024-01-11,54.797611236572266,55.32138021141778,53.536175408383876,54.974534451044995,596759000,NVDA,NVIDIA Corporation
2024-01-12,54.6856575012207,54.94554395725101,54.30582931625337,54.59569739151791,352994000,NVDA,NVIDIA Corporation
2024-01-16,56.3569221496582,56.80971977782299,54.8755828754699,54.99353042144443,449580000,NVDA,NVIDIA Corporation
2024-01-17,56.028072357177734,56.44588572350219,54.71565657614864,56.32194032226704,474394000,NVDA,NVIDIA Corporation
2024-01-18,57.081600189208984,57.574380958680926,56.08204493775271,57.23453202066577,491650000,NVDA,NVIDIA Corporation
2024-01-19,59.464542388916016,59.47353725750004,57.19954754304242,57.96320769152567,543501000,NVDA,NVIDIA Corporation
2024-01-22,59.627464294433594,60.30416510647555,59.04372443283781,60.02228904980068,452955000,NVDA,NVIDIA Corporation
2024-01-23,59.846370697021484,59.883352989442805,58.558941562294194,59.54350406262355,294654000,NVDA,NVIDIA Corporation
2024-01-24,61.3347053527832,62.82104343884221,59.91133896943749,60.2771772992484,560271000,NVDA,NVIDIA Corporation
2024-01-25,61.58959197998047,62.69110297574928,60.82293105370839,62.32226382064944,482777000,NVDA,NVIDIA Corporation
2024-01-26,61.00385284423828,61.75552108430859,60.546060183592516,60.93288527775175,390309000,NVDA,NVIDIA Corporation
2024-01-29,62.43721389770508,62.46120148307655,60.8799082837458,61.20476066386155,348733000,NVDA,NVIDIA Corporation
2024-01-30,62.74607467651367,63.46475661496494,62.23230337871972,62.872021892210576,410735000,NVDA,NVIDIA Corporation
2024-01-31,61.4996337890625,62.241304333932014,60.673001966523444,61.412670686118,453795000,NVDA,NVIDIA Corporation
2024-02-01,62.998966217041016,63.162894734552545,61.622579800424674,62.07237659144927,369146000,NVDA,NVIDIA Corporation
2024-02-02,66.13057708740234,66.57037619899856,63.661670658163956,63.94554473750389,476578000,NVDA,NVIDIA Corporation
2024-02-05,69.30116271972656,69.4660902448963,67.17510988104948,68.19465284227928,680078000,NVDA,NVIDIA Corporation
2024-02-06,68.19265747070312,69.72297479094898,66.27051620023909,69.59902939073692,683111000,NVDA,NVIDIA Corporation
2024-02-07,70.06781768798828,70.18876606123138,67.56992874048504,68.28861068517622,495575000,NVDA,NVIDIA Corporation
2024-02-08,69.61002349853516,70.76251053825308,69.42410921812488,70.04282956401794,414422000,NVDA,NVIDIA Corporation
2024-02-09,72.1009292602539,72.1529004646833,70.18077818713913,70.50163460022237,436637000,NVDA,NVIDIA Corporation
2024-02-12,72.21586608886719,74.57781401880388,71.21830888867534,72.56770690031318,613710000,NVDA,NVIDIA Corporation
2024-02-13,72.0959243774414,73.41733510553199,69.58904403080706,70.36869595920534,602580000,NVDA,NVIDIA Corporation
2024-02-14,73.86714172363281,74.20299085628308,71.90601614461964,73.16945404316262,504917000,NVDA,NVIDIA Corporation
2024-02-15,72.62567138671875,73.94208679193868,72.36779056421109,73.83613877126506,420122000,NVDA,NVIDIA Corporation
2024-02-16,72.58070373535156,74.36890952711573,72.46875403633456,74.0670418918372,495327000,NVDA,NVIDIA Corporation
2024-02-20,69.42111206054688,71.92399611508012,67.7038738880447,71.91499743381983,704833000,NVDA,NVIDIA Corporation
2024-02-21,67.4419937133789,68.85736435043377,66.21853903151819,67.97575281438615,690298000,NVDA,NVIDIA Corporation
2024-02-22,78.50306701660156,78.54004549472725,74.18698694105572,74.9916291688298,865100000,NVDA,NVIDIA Corporation
2024-02-23,78.78194427490234,82.35734911008414,77.53549728166801,80.75406627582844,829388000,NVDA,NVIDIA Corporation
2024-02-26,79.05682373046875,80.6101333847281,78.47007920802383,79.6645473818615,503973000,NVDA,NVIDIA Corporation
2024-02-27,78.66598510742188,79.44464551276913,77.12767591593222,79.34568290449742,391705000,NVDA,NVIDIA Corporation
2024-02-28,77.62845611572266,78.89788784146795,77.09069341452309,77.5854759749912,393110000,NVDA,NVIDIA Corporation
2024-02-29,79.07681274414062,79.95442058749313,78.31515062293454,79.05882300732509,507289000,NVDA,NVIDIA Corporation
2024-03-01,82.24240112304688,82.26339550360602,79.3996643825277,79.96441550736878,479135000,NVDA,NVIDIA Corporation
2024-03-04,85.19908142089844,87.6559881507534,83.68175896782463,84.09257161789769,615616000,NVDA,NVIDIA Corporation
2024-03-05,85.92979431152344,86.0627446282655,83.38381061731276,85.23607018990775,520639000,NVDA,NVIDIA Corporation
2024-03-06,88.66470336914062,89.68829799563825,86.99536968964857,87.98697936730527,582520000,NVDA,NVIDIA Corporation
2024-03-07,92.63212585449219,92.73008643335444,89.56634486722336,90.12212339156478,608119000,NVDA,NVIDIA Corporation
2024-03-08,87.49317169189453,97.36124518073565,86.47157518241058,95.10014421389317,1142269000,NVDA,NVIDIA Corporation
2024-03-11,85.7398681640625,88.76166015314031,84.13250636211416,86.39460628547256,678364000,NVDA,NVIDIA Corporation
2024-03-12,91.87643432617188,91.92341269864875,86.11572665391354,88.01397320906432,668075000,NVDA,NVIDIA Corporation
2024-03-13,90.8518295288086,91.46758169303533,88.39980282776601,91.01876288430473,635713000,NVDA,NVIDIA Corporation
2024-03-14,87.90901184082031,90.60994033134025,86.56554478011422,89.54136538752242,602318000,NVDA,NVIDIA Corporation
2024-03-15,87.80204772949219,89.5103673539837,86.2226822059932,86.895410942326,642086000,NVDA,NVIDIA Corporation
2024-03-18,88.4197998046875,92.3682247909847,87.05034227173738,90.35202919541369,668976000,NVDA,NVIDIA Corporation
2024-03-19,89.3624267578125,90.5079668032944,84.976172470966,86.66549475083619,672171000,NVDA,NVIDIA Corporation
2024-03-20,90.33604431152344,90.37403120538988,88.18789728423222,89.76126851749964,479063000,NVDA,NVIDIA Corporation
2024-03-21,91.39861297607422,92.61113535282396,90.36902406254626,92.26327425898415,480372000,NVDA,NVIDIA Corporation
2024-03-22,94.25148010253906,94.74028392361174,90.79785315480537,91.10473019409365,586719000,NVDA,NVIDIA Corporation
2024-03-25,94.96419525146484,96.72749325113482,93.47279218881877,93.90362043919335,552136000,NVDA,NVIDIA Corporation
2024-03-26,92.52416229248047,96.33664749790948,92.46518766291072,95.81285394972517,513648000,NVDA,NVIDIA Corporation
2024-03-27,90.2140884399414,93.20289654761277,89.08753798498677,93.07494912764517,586067000,NVDA,NVIDIA Corporation
2024-03-28,90.32005310058594,91.26367775781303,89.15751380700202,89.96419193487675,435212000,NVDA,NVIDIA Corporation
2024-04-01,90.32704162597656,92.18830020895638,89.16850623304367,90.26307172974768,452441000,NVDA,NVIDIA Corporation
2024-04-02,89.4164047241211,90.05814752237067,87.58513306363145,88.41279885088287,433064000,NVDA,NVIDIA Corporation
2024-04-03,88.92860412597656,90.33804684293179,88.36483314028192,88.44879935629429,370067000,NVDA,NVIDIA Corporation
2024-04-04,85.87081146240234,90.59793338323315,85.8458198862947,90.3700196658157,434965000,NVDA,NVIDIA Corporation
2024-04-05,87.97297668457031,88.44578800690704,85.8918045734179,86.83142527427668,399678000,NVDA,NVIDIA Corporation
2024-04-08,87.09832763671875,88.79465089246293,86.69748624318682,88.66469774661466,283220000,NVDA,NVIDIA Corporation
2024-04-09,85.32002258300781,87.60012052713442,82.98895768982644,87.40719655433202,503547000,NVDA,NVIDIA Corporation
2024-04-10,87.00436401367188,87.36522041356919,83.67568736757892,83.89260387924026,431929000,NVDA,NVIDIA Corporation
2024-04-11,90.57994079589844,90.7028929518332,86.89141424964939,87.38521335302488,431637000,NVDA,NVIDIA Corporation
2024-04-12,88.15090942382812,90.13912407740513,87.49517220347197,89.66330791705667,426805000,NVDA,NVIDIA Corporation
2024-04-15,85.96676635742188,90.57693004152914,85.89479642060273,89.06253370435367,443077000,NVDA,NVIDIA Corporation
2024-04-16,87.38021850585938,88.08293408447673,86.02975814283229,86.39860698604153,370453000,NVDA,NVIDIA Corporation
2024-04-17,84.0015640258789,88.73967572558121,83.91659113831582,88.30484363707065,495400000,NVDA,NVIDIA Corporation
2024-04-18,84.6373062133789,86.15570660849322,82.36921187685391,84.93619083803762,447260000,NVDA,NVIDIA Corporation
2024-04-19,76.16968536376953,84.2904542682202,75.57592750797775,83.11692530020838,875198000,NVDA,NVIDIA Corporation
2024-04-22,79.48635864257812,80.041138120895,76.36960303384217,78.07291978914027,596341000,NVDA,NVIDIA Corporation
2024-04-23,82.39020538330078,82.73606840189474,80.23206773575617,80.73686408123375,438559000,NVDA,NVIDIA Corporation
2024-04-24,79.64530181884766,84.04854803404984,79.15149506612265,83.91659676863443,512208000,NVDA,NVIDIA Corporation
2024-04-25,82.59912872314453,83.28984807445538,78.19187862968657,78.83661866147602,424641000,NVDA,NVIDIA Corporation
2024-04-26,87.70008850097656,88.29585200771425,83.35381911384516,83.78464736334433,551011000,NVDA,NVIDIA Corporation
2024-04-29,87.72208404541016,87.95698351937455,85.23207030725735,87.56014594501862,388971000,NVDA,NVIDIA Corporation
2024-04-30,86.36762237548828,88.78366050463956,86.26566558321609,87.20528638548105,363709000,NVDA,NVIDIA Corporation
2024-05-01,83.00794982910156,85.96577177323404,81.22265755025684,85.04314260728708,559863000,NVDA,NVIDIA Corporation
2024-05-02,85.78285217285156,86.20268321187375,83.16688916320159,84.41539269757547,377898000,NVDA,NVIDIA Corporation
2024-05-03,88.75366973876953,89.24547072408387,87.00536516764065,87.75406766785412,398341000,NVDA,NVIDIA Corporation
2024-05-06,92.10333251953125,92.18330251406795,89.01956110232028,89.35442687478945,376203000,NVDA,NVIDIA Corporation
2024-05-07,90.51795959472656,91.74446861486086,88.97557445393352,91.06174179688814,437342000,NVDA,NVIDIA Corporation
2024-05-08,90.37602233886719,91.15770881690996,89.38441272091335,89.44739118815833,325721000,NVDA,NVIDIA Corporation
2024-05-09,88.71168518066406,91.03575690690285,88.19589167973308,90.49297372342349,378013000,NVDA,NVIDIA Corporation
2024-05-10,89.84223175048828,91.36462830200051,89.19148983724465,90.26906377983879,335325000,NVDA,NVIDIA Corporation
2024-05-13,90.36302947998047,90.96179014293932,88.49377086608031,90.44199279647063,289680000,NVDA,NVIDIA Corporation
2024-05-14,91.31965637207031,91.61453717454157,88.89861527885883,89.56335162049751,296507000,NVDA,NVIDIA Corporation
2024-05-15,94.59234619140625,94.82425614143621,91.56255392471043,92.43520767663021,417735000,NVDA,NVIDIA Corporation
2024-05-16,94.32144927978516,95.78086733108053,94.06554682786754,94.87223250076393,323952000,NVDA,NVIDIA Corporation
2024-05-17,92.44219207763672,94.70229384560606,91.76946339148994,94.33144692377931,359691000,NVDA,NVIDIA Corporation
2024-05-20,94.7422866821289,95.16211773763297,93.40282351656103,93.71269772995323,318764000,NVDA,NVIDIA Corporation
2024-05-21,95.3480453491211,95.36203971719499,93.14292188496431,93.56175387420163,328946000,NVDA,NVIDIA Corporation
2024-05-22,94.91222381591797,95.98179784206016,93.21190410961067,95.42102400934887,548648000,NVDA,NVIDIA Corporation
2024-05-23,103.75769805908203,106.27769095331759,101.47959800397635,101.98739908517513,835065000,NVDA,NVIDIA Corporation
2024-05-24,106.4266357421875,106.43263006008718,102.95901435352869,104.40743526760016,429494000,NVDA,NVIDIA Corporation
2024-05-28,113.85568237304688,114.89327138994341,109.83928330076252,110.200139728129,652728000,NVDA,NVIDIA Corporation
2024-05-29,114.77930450439453,115.44603890128045,110.85687001297053,113.00501693328442,557442000,NVDA,NVIDIA Corporation
2024-05-30,110.45602416992188,115.7729076045519,109.61935928526937,114.60437411424489,487350000,NVDA,NVIDIA Corporation
2024-05-31,109.5893783569336,112.6721508136538,106.89744915530943,112.47522298026993,613263000,NVDA,NVIDIA Corporation
2024-06-03,114.9542465209961,114.9542465209961,111.95843724915099,113.57579736127923,438392000,NVDA,NVIDIA Corporation
2024-06-04,116.39067077636719,116.55360793846174,113.99962416702796,115.66996458903934,403324000,NVDA,NVIDIA Corporation
2024-06-05,122.39127349853516,122.40026497481516,117.42125214406589,118.32389264410774,528402000,NVDA,NVIDIA Corporation
2024-06-06,120.94985961914062,125.53703068197429,118.27292371185669,123.99864153970435,664696000,NVDA,NVIDIA Corporation
2024-06-07,120.83989715576172,121.64357808503144,117.9750402689876,119.72233818274681,412386000,NVDA,NVIDIA Corporation
2024-06-10,121.74153900146484,123.05101529403815,116.9634422493321,120.32210586929361,314162700,NVDA,NVIDIA Corporation
2024-06-11,120.87181854248047,122.8311986310285,118.7024980632085,121.73153992527472,222551200,NVDA,NVIDIA Corporation
2024-06-12,125.16046142578125,126.83993122223963,122.53129467011104,123.02113780287401,299595000,NVDA,NVIDIA Corporation
2024-06-13,129.56906127929688,129.75900370548197,127.11983820063014,129.34912954939512,260704500,NVDA,NVIDIA Corporation
2024-06-14,131.83836364746094,132.79805198433587,128.27949016143847,129.91897171973997,309320400,NVDA,NVIDIA Corporation
2024-06-17,130.9386444091797,133.68777621457593,129.53909250074847,132.94801960039305,288504400,NVDA,NVIDIA Corporation
2024-06-18,135.5371856689453,136.28694881895896,130.64873054101508,131.0985853802292,294335100,NVDA,NVIDIA Corporation
2024-06-20,130.73870849609375,140.71555330717922,129.47911179878915,139.75586494370089,517768400,NVDA,NVIDIA Corporation
2024-06-21,126.53002166748047,130.58874447418714,124.2607420188684,127.07985099689417,655484700,NVDA,NVIDIA Corporation
2024-06-24,118.07270050048828,124.42069359285091,118.00272291214357,123.20107765857003,476060900,NVDA,NVIDIA Corporation
2024-06-25,126.05017852783203,126.46005271537233,119.28231977395795,121.16172334527805,425787500,NVDA,NVIDIA Corporation
2024-06-26,126.3600845336914,128.07953495276965,122.56128151904039,126.09016552830566,362975900,NVDA,NVIDIA Corporation
2024-06-27,123.95083618164062,126.37007763205357,122.88117444139863,124.06080204879507,252571700,NVDA,NVIDIA Corporation
2024-06-28,123.50099182128906,127.66967326811732,122.71124035711297,124.5406643452556,315516700,NVDA,NVIDIA Corporation
2024-07-01,124.26074981689453,124.80057257621507,118.79247599150393,123.43101009570317,284885500,NVDA,NVIDIA Corporation
2024-07-02,122.63125610351562,123.37102788557134,120.99177466417784,121.09174155643306,218374000,NVDA,NVIDIA Corporation
2024-07-03,128.23948669433594,128.23948669433594,121.32167392885506,121.62158223669927,215749000,NVDA,NVIDIA Corporation
2024-07-05,125.7902603149414,128.8093107644133,125.64030616479143,127.33976619453144,214176700,NVDA,NVIDIA Corporation
2024-07-08,128.1595001220703,130.72869561210538,126.99987051805138,127.44972531770834,237677300,NVDA,NVIDIA Corporation
2024-07-09,131.33851623535156,133.77774814549483,128.60936736242857,130.30884272059,285366600,NVDA,NVIDIA Corporation
2024-07-10,134.86740112304688,135.0573435645553,132.37818193596397,133.98767413246904,248978600,NVDA,NVIDIA Corporation
2024-07-11,127.35977172851562,136.10700106603016,127.00988377533271,135.70713347781276,374782700,NVDA,NVIDIA Corporation
2024-07-12,129.19920349121094,131.87835007397342,127.17983694866928,128.2195019014201,252680500,NVDA,NVIDIA Corporation
2024-07-15,128.39944458007812,131.34850999947517,127.13984031827107,130.5187702604364,208326200,NVDA,NVIDIA Corporation
2024-07-16,126.3200912475586,128.99923747826654,124.54065466054338,128.39943613379464,214769500,NVDA,NVIDIA Corporation
2024-07-17,117.9527359008789,121.81151749943197,116.68314033051901,121.31167540248971,390086200,NVDA,NVIDIA Corporation
2024-07-18,121.05175018310547,122.36134160725938,116.52318219941294,121.81151227341788,320979500,NVDA,NVIDIA Corporation
2024-07-19,117.89276123046875,121.56160051418016,117.33294050381654,120.31199523005621,217223800,NVDA,NVIDIA Corporation
2024-07-22,123.50099182128906,124.03082324772716,119.82215351609416,120.31199665772752,258068900,NVDA,NVIDIA Corporation
2024-07-23,122.55127716064453,124.65061999218881,122.06143405921047,122.74121959113289,173911000,NVDA,NVIDIA Corporation
2024-07-24,114.21391296386719,119.91210950952006,113.404171251323,119.13235710085017,327776900,NVDA,NVIDIA Corporation
2024-07-25,112.24453735351562,116.59316196631043,106.26643028982559,113.00429945804284,460067000,NVDA,NVIDIA Corporation
2024-07-26,113.02428436279297,116.16329189488403,111.54475613373563,116.15330054509556,293399100,NVDA,NVIDIA Corporation
2024-07-29,111.55475616455078,116.24327750097967,111.26485445843416,113.65409908515099,248152100,NVDA,NVIDIA Corporation
2024-07-30,103.6972427368164,111.95462852357666,102.50761612898444,111.48477574142504,486833300,NVDA,NVIDIA Corporation
2024-07-31,116.9830322265625,118.3026149583043,110.84497234726514,112.86433853836043,473174200,NVDA,NVIDIA Corporation
2024-08-01,109.1755142211914,120.12206115379604,106.77627053548454,117.49288673851923,523462300,NVDA,NVIDIA Corporation
2024-08-02,107.23611450195312,108.68566108330708,101.33798416873923,103.72722865674588,482027500,NVDA,NVIDIA Corporation
2024-08-05,100.41827392578125,103.37734584261189,90.66136171396138,92.03092417423306,552842400,NVDA,NVIDIA Corporation
2024-08-06,104.21707153320312,107.67597774031395,100.51824326819028,103.80719737509351,409012100,NVDA,NVIDIA Corporation
2024-08-07,98.87876892089844,108.76564515252367,98.65883717427215,107.7759522927054,411440400,NVDA,NVIDIA Corporation
2024-08-08,104.93685150146484,105.4666829061735,97.48919964896103,101.96778821260376,391910000,NVDA,NVIDIA Corporation
2024-08-09,104.7169189453125,106.5663331721716,103.39733611905241,105.60663726461745,290844200,NVDA,NVIDIA Corporation
2024-08-12,108.9855728149414,111.03492856386595,106.22644979571741,106.28642840966148,325559900,NVDA,NVIDIA Corporation
2024-08-13,116.10331726074219,116.19329280080893,111.54475995028979,112.4044889345572,312646700,NVDA,NVIDIA Corporation
2024-08-14,118.04270935058594,118.56254176631195,114.03397366865786,118.49256417906065,339246400,NVDA,NVIDIA Corporation
2024-08-15,122.82120513916016,123.20108240094191,117.43290774825016,118.722501320516,318086700,NVDA,NVIDIA Corporation
2024-08-16,124.5406494140625,124.96051491369623,121.14172188301305,121.901483949244,302589900,NVDA,NVIDIA Corporation
2024-08-19,129.95895385742188,129.95895385742188,123.38102959323889,124.24075866737762,318333600,NVDA,NVIDIA Corporation
2024-08-20,127.20980834960938,129.8389825507969,125.85023729264927,128.3594390228903,300087400,NVDA,NVIDIA Corporation
2024-08-21,128.4594268798828,129.30916459896468,126.62001151002669,127.27979915287139,257883600,NVDA,NVIDIA Corporation
2024-08-22,123.70092010498047,130.70870844472378,123.06112283059149,129.97894325377314,376189100,NVDA,NVIDIA Corporation
2024-08-23,129.32913208007812,129.5590704147264,125.18044900805843,125.8202462463596,323230300,NVDA,NVIDIA Corporation
2024-08-26,126.42005920410156,131.21853864319473,124.33072295006603,129.52908520948145,331964700,NVDA,NVIDIA Corporation
2024-08-27,128.25949096679688,129.15920068067538,123.84088083210607,125.01051718872198,303134600,NVDA,NVIDIA Corporation
2024-08-28,125.5703353881836,128.28947768481862,122.60127203673997,128.07953728703234,448101100,NVDA,NVIDIA Corporation
2024-08-29,117.55286407470703,124.39070812333074,116.67314470453282,121.32167786502487,453023300,NVDA,NVIDIA Corporation
2024-08-30,119.33230590820312,121.71155156264531,117.18298334905096,119.49225141445028,333751600,NVDA,NVIDIA Corporation
2024-09-03,107.96588897705078,116.17329499238285,107.25611414068058,115.97336121173781,477155100,NVDA,NVIDIA Corporation
2024-09-04,106.17645263671875,113.23422029378455,104.08711642455602,105.37670989305681,372470300,NVDA,NVIDIA Corporation
2024-09-05,107.17613983154297,109.61537166703076,104.7269166457022,104.9568397355808,306850700,NVDA,NVIDIA Corporation
2024-09-06,102.79753112792969,108.11585092265044,100.91811989560183,108.00588504727017,413638100,NVDA,NVIDIA Corporation
2024-09-09,106.4363784790039,106.51635504584455,103.65725761066608,104.84687662773341,273912000,NVDA,NVIDIA Corporation
2024-09-10,108.06585693359375,109.36544940156337,104.91685028196345,107.77594760990868,268283700,NVDA,NVIDIA Corporation
2024-09-11,116.87307739257812,117.15298773367408,107.38606933752642,109.35544832921772,441422400,NVDA,NVIDIA Corporation
2024-09-12,119.11256408691406,120.76218565399151,115.35342779588602,116.81309067491064,367100500,NVDA,NVIDIA Corporation
2024-09-13,119.07257080078125,119.93237336061968,117.57291623747761,119.0525787627644,238358300,NVDA,NVIDIA Corporation
2024-09-16,116.75310516357422,118.15278427890816,114.33366430325611,116.76310499638278,248772300,NVDA,NVIDIA Corporation
2024-09-17,115.5633773803711,118.77264486908852,114.80355789094266,118.14278506866847,231925900,NVDA,NVIDIA Corporation
2024-09-18,113.34388732910156,117.67288409225483,113.19392035691743,115.86330347677422,310318900,NVDA,NVIDIA Corporation
2024-09-19,117.84285736083984,119.63244604030882,117.22299740049117,117.32297284502805,293506400,NVDA,NVIDIA Corporation
2024-09-20,115.9732894897461,118.59268894658479,115.36342933997693,117.03304297010142,382462400,NVDA,NVIDIA Corporation
2024-09-23,116.23323059082031,116.96305822001592,114.83355144756428,116.52316472695202,206228500,NVDA,NVIDIA Corporation
2024-09-24,120.84217071533203,121.77195687475644,115.35342937374385,116.49316626237535,354966800,NVDA,NVIDIA Corporation
2024-09-25,123.48155975341797,124.91123075234002,121.58199576757475,121.99189738474502,284692900,NVDA,NVIDIA Corporation
2024-09-26,124.01143646240234,127.64059778478497,121.77195443476235,126.77080301373226,302582900,NVDA,NVIDIA Corporation
2024-09-27,121.3720474243164,124.00143908292871,119.23254080039722,123.94145533963831,271009200,NVDA,NVIDIA Corporation
2024-09-30,121.41203308105469,121.47201682135709,118.12278989954673,118.28274908289889,226553700,NVDA,NVIDIA Corporation
2024-10-01,116.97306060791016,122.4118104821477,115.76334012719617,121.7419589534566,302094500,NVDA,NVIDIA Corporation
2024-10-02,118.82262420654297,119.3525009132392,115.11347963203208,116.41318325903728,221845900,NVDA,NVIDIA Corporation
2024-10-03,122.82170867919922,124.33136309340041,120.31228454416183,120.89215281287986,277118000,NVDA,NVIDIA Corporation
2024-10-04,124.89122772216797,125.01120283080023,121.80194304435166,124.91122738742537,243678100,NVDA,NVIDIA Corporation
2024-10-07,127.69058990478516,130.60991565760295,124.92122350791122,124.96121521204213,346250200,NVDA,NVIDIA Corporation
2024-10-08,132.85939025878906,133.4492507002601,129.39018829854146,130.22999115642648,285722500,NVDA,NVIDIA Corporation
2024-10-09,132.6194305419922,134.4890100563581,131.349734141409,134.0791008615525,246191600,NVDA,NVIDIA Corporation
2024-10-10,134.77894592285156,134.9689045997989,130.96982594499002,131.87962000022492,242311300,NVDA,NVIDIA Corporation
2024-10-11,134.7689666748047,135.74873676795113,133.6292297588208,133.97914002159231,170209500,NVDA,NVIDIA Corporation
2024-10-14,138.03822326660156,139.5678698363904,136.26862645350758,136.43858548845338,232347700,NVDA,NVIDIA Corporation
2024-10-15,131.5697021484375,138.53809836462625,128.7103601195905,137.8382473516489,377831000,NVDA,NVIDIA Corporation
2024-10-16,135.68873596191406,136.58852253050404,131.5496902869071,133.94913130666296,264879700,NVDA,NVIDIA Corporation
2024-10-17,136.89846801757812,140.8575630403271,136.83848427190068,139.30791683746315,306435900,NVDA,NVIDIA Corporation
2024-10-18,137.9682159423828,138.86800255294065,137.24838055182667,138.63805979784692,176090200,NVDA,NVIDIA Corporation
2024-10-21,143.67691040039062,143.67691040039062,137.96821869705386,138.09819363983328,264554500,NVDA,NVIDIA Corporation
2024-10-22,143.55694580078125,144.3867565878425,141.74736485471627,142.8771096409394,226311600,NVDA,NVIDIA Corporation
2024-10-23,139.52786254882812,142.3971968224879,137.42835524686083,141.99729502838238,285930000,NVDA,NVIDIA Corporation
2024-10-24,140.37767028808594,141.31745626734755,138.4281223817854,140.78757953525755,172354900,NVDA,NVIDIA Corporation
2024-10-25,141.5074005126953,144.096815700832,140.76758067774944,140.89754036873228,205122100,NVDA,NVIDIA Corporation
2024-10-28,140.48765563964844,143.1070476166606,140.01776261632966,142.96708045579604,173586700,NVDA,NVIDIA Corporation
2024-10-29,141.21746826171875,142.22723015349655,138.86800339560858,140.25768265006158,157593600,NVDA,NVIDIA Corporation
2024-10-30,139.3079071044922,140.29768460484607,136.778490969974,139.50785799453917,179418100,NVDA,NVIDIA Corporation
2024-10-31,132.72943115234375,137.57832071125284,132.07958689426476,137.5683285053032,270039600,NVDA,NVIDIA Corporation
2024-11-01,135.3688201904297,137.27838410441936,134.5390247094388,134.66898440540822,207127800,NVDA,NVIDIA Corporation
2024-11-04,136.0186767578125,138.9280103748792,135.53879155204424,137.17841332242185,187528200,NVDA,NVIDIA Corporation
2024-11-05,139.87777709960938,140.33766260126754,137.29836954050154,137.41833701827767,160537400,NVDA,NVIDIA Corporation
2024-11-06,145.5764617919922,146.45626398045817,141.9273086103062,142.92707827709958,242043900,NVDA,NVIDIA Corporation
2024-11-07,148.84573364257812,148.8957099286715,146.1363507552026,146.35630133300918,207323300,NVDA,NVIDIA Corporation
2024-11-08,147.5959930419922,149.73549940640058,146.226298296804,148.73572979209249,175665800,NVDA,NVIDIA Corporation
2024-11-11,145.22653198242188,148.81571657335158,143.536934110279,148.64574231041613,182325600,NVDA,NVIDIA Corporation
2024-11-12,148.25582885742188,149.61551613817602,145.97635536546252,146.74618223717314,198634700,NVDA,NVIDIA Corporation
2024-11-13,146.23631286621094,149.29560559389023,145.8663877173454,149.03567097343083,191903300,NVDA,NVIDIA Corporation
2024-11-14,146.72618103027344,148.96567042657134,145.51646835701078,147.6059831601179,194463300,NVDA,NVIDIA Corporation
2024-11-15,141.94729614257812,145.20655509140138,140.04773983599173,144.83662993296312,250132900,NVDA,NVIDIA Corporation
2024-11-18,140.11770629882812,141.51739292157006,137.11839743544738,139.46786214720512,221866000,NVDA,NVIDIA Corporation
2024-11-19,146.97613525390625,147.0961179891657,140.9575327604593,141.28745858569204,227834900,NVDA,NVIDIA Corporation
2024-11-20,145.8563995361328,147.52601308862683,142.69712365290204,147.37605373716247,309871700,NVDA,NVIDIA Corporation
2024-11-21,146.63623046875,152.85479966423284,140.6676037159947,149.3156213875326,400946600,NVDA,NVIDIA Corporation
2024-11-22,141.91729736328125,147.1261039006014,141.06750232234785,145.89637625946256,236406200,NVDA,NVIDIA Corporation
2024-11-25,135.98867797851562,142.01728800977313,135.78872709087477,141.95730426900835,344941900,NVDA,NVIDIA Corporation
2024-11-26,136.8884735107422,139.2679304177918,135.6387613125482,137.66829270199315,190287700,NVDA,NVIDIA Corporation
2024-11-27,135.30882263183594,137.1883944813901,131.7696447344509,134.97889681216265,226370900,NVDA,NVIDIA Corporation
2024-11-29,138.21817016601562,139.3179230108574,136.018679731608,136.74850738939793,141863200,NVDA,NVIDIA Corporation
2024-12-02,138.5980682373047,140.41764102523763,137.7882572804853,138.79801911159885,171682800,NVDA,NVIDIA Corporation
2024-12-03,140.2277069091797,140.50764123326277,137.91824110785586,138.22816730557096,164414000,NVDA,NVIDIA Corporation
2024-12-04,145.10658264160156,145.75642688476938,140.25769319395386,141.9673061992379,231224300,NVDA,NVIDIA Corporation
2024-12-05,145.03659057617188,146.51634749056768,143.9267690762933,145.08658555940238,172621200,NVDA,NVIDIA Corporation
2024-12-06,142.41700744628906,145.67647567148725,141.2871849873485,144.57666240527564,188505600,NVDA,NVIDIA Corporation
2024-12-09,138.78758239746094,139.92739769900004,137.10786100838232,138.9475602220375,189308600,NVDA,NVIDIA Corporation
2024-12-10,135.04820251464844,141.79711283924593,133.76839511357173,138.9875536517665,210020900,NVDA,NVIDIA Corporation
2024-12-11,139.28750610351562,140.14736786765778,135.1881771980721,137.3378239802647,184905200,NVDA,NVIDIA Corporation
2024-12-12,137.3178253173828,138.41765384511186,135.77808063488797,137.05787278188586,159211400,NVDA,NVIDIA Corporation
2024-12-13,134.22833251953125,139.5774751507731,132.51860179476702,138.91757801094644,231514900,NVDA,NVIDIA Corporation
2024-12-16,131.9786834716797,134.3782897959075,130.39893679330513,134.1583241029487,237951100,NVDA,NVIDIA Corporation
2024-12-17,130.36895751953125,131.56876081657285,126.83952839876781,129.06916425760008,259410300,NVDA,NVIDIA Corporation
2024-12-18,128.88919067382812,136.6779262372523,128.25928750759206,133.83838842708505,277444500,NVDA,NVIDIA Corporation
2024-12-19,130.6588897705078,134.00835489709178,129.52908262326224,131.73871719708123,209719200,NVDA,NVIDIA Corporation
2024-12-20,134.67825317382812,135.2581613788304,128.19930347129645,129.78904314606552,306528600,NVDA,NVIDIA Corporation
2024-12-23,139.64744567871094,139.7674214203078,135.098177315152,136.25799367167244,176053500,NVDA,NVIDIA Corporation
2024-12-24,140.19737243652344,141.8770939941236,138.6276184809867,139.97740671974344,105157000,NVDA,NVIDIA Corporation
2024-12-26,139.90740966796875,140.8272746166671,137.70776777261636,139.67745105895742,116205600,NVDA,NVIDIA Corporation
2024-12-27,136.98788452148438,138.99756992182031,134.68826788900355,138.52764454755555,170582600,NVDA,NVIDIA Corporation
2024-12-30,137.46780395507812,140.24735382720857,133.9983630613892,134.80822982362736,167734700,NVDA,NVIDIA Corporation
